"105","l"
"113","lx"
"1195","fe"
"1234","mp3"
"1239","cargo"
"124","sl"
"1261","ultimate"
"1297","rx-v"
"1362","z85 sl"
"1363","z71 sl"
"1364","z85 sle"
"1365","z71 sle"
"1366","z71 fleet"
"1399","hybrid limited"
"13","limited"
"141","sport"
"1431","2.0t"
"1433","value edition"
"148","rs"
"151","gt limited"
"157","outdoor"
"1761","c4c042"
"1762","c4c044"
"1763","c4e042"
"1764","c4e044"
"1765","c4u042"
"1774","c6h042"
"1775","c7h042"
"1776","b7t042"
"1777","f6b042"
"1778","f7b042"
"1779","c5c042"
"1780","c5e042"
"1781","c5u042"
"1782","c6c042"
"1783","c7c042"
"1784","c7e042"
"190","cinco"
"191","ex"
"192","gsx"
"1","s"
"2061","c4v042"
"2062","c5c044"
"2063","c5e044"
"2064","c5v042"
"2065","c6v042"
"2066","c7v042"
"2067","c6e042"
"2083","w3s042"
"2084","w4s042"
"2085","w5r042"
"2086","w5s042"
"20","base"
"2159","gls sport"
"2177","ex convenience"
"2178","ex sport"
"2179","ex luxury"
"2180","ex premium"
"2181","ex power"
"2182","lx convenience"
"2183","lx premium"
"2184","lx luxury"
"2192","3.8"
"2193","4.6"
"2208","t6f042"
"2209","t7f042"
"2225","+"
"2226","!"
"2234","2.0t premium"
"2235","2.0t track"
"2236","3.8 grand touring"
"2237","3.8 track"
"2238","2.0t r-spec"
"2448","trendy"
"2466","dynamic"
"2490","comfort"
"2493","pop"
"2537","adventure"
"2538","elx"
"2539","1.8r"
"2540","climbing"
"2541","schumacher"
"2542","ml"
"2543","active"
"2544","dynamic turbo"
"2545","sport turbo"
"2546","adventure s"
"2547","adventure st"
"2548","adventure sx"
"2550","lounge"
"2551","vintage"
"2555","mid"
"2582","trend"
"2601","sel plus"
"2623","lxs"
"2644","spark"
"268","premium"
"269","le"
"2715","pack"
"2727","x-line"
"274","classic"
"2750","authentique"
"2751","expression"
"2752","renault sport"
"2753","mtv"
"2754","grand tour"
"2755","privilege"
"2756","fairway"
"2757","blue edition"
"2758","initiale"
"2759","kit dynamique"
"2760","campus"
"2761","team renault sport"
"2762","exception"
"2763","sportway"
"2764","code"
"2765","trophy sport"
"2766","isotermica"
"2767","pack isotermica"
"2768","coupe cabriolet"
"2769","beat"
"276","lx plus"
"2770","energy"
"2771","dynamique"
"2772","coupe cabriolet black edition"
"2773","coupe cabriolet expression"
"2774","amor amor"
"2775","extreme"
"2776","ride"
"2777","dynamique open sky"
"2778","expression pack"
"2779","genea"
"2780","trends"
"2781","coupe cabriolet dynamic turbo"
"2782","connoiseur"
"2783","comfort edition"
"2784","tourer"
"2785","luxury line"
"2865","v6 premium"
"2897","blue"
"2914","denali hybrid"
"2920","xfe"
"2932","2.0t gt"
"2933","3.8 gt"
"2936","2u"
"2937","4u"
"2938","4u burner"
"2939","4u retro"
"2940","4u sx"
"2954","s zeppelin"
"2955","s landaulet"
"296","slt"
"2972","touring l"
"2973","touring gls"
"2974","touring se"
"2975","touring gl"
"2979","eco"
"2985","3.8 r-spec"
"2","gs"
"3057","gl premium"
"3067","5.0 r-spec"
"3070","electric"
"3076","2.0t limited"
"3080","c pop"
"3081","c lounge"
"3165","sx luxury"
"3169","4u luxury"
"3170","lx+"
"3171","hybrid premium"
"3178","abarth"
"3187","sxl"
"3299","stx-l"
"3300","trekking"
"3301","gucci"
"3302","prima edizione"
"3349","sport 2.0t"
"3355","c gucci"
"3358","hybrid se"
"3359","hybrid sel"
"3373","abarth cabrio"
"3394","tech"
"344","sr"
"3489","easy"
"3490","turbo r-spec"
"3512","hybrid ex"
"3513","hybrid lx"
"3519","3.8 ultimate"
"3520","sx turbo"
"3525","gq"
"3533","technology"
"3565","hybrid ex premium"
"3580","ultimate 2.0t"
"3608","slt1"
"3609","slt2"
"3624","limited 2.0t"
"3625","fuel cell"
"379","25th anniversary edition"
"3911","re:flex"
"392","luxury"
"39","gt"
"3","sx"
"4097","attractive"
"4098","way"
"4102","trekking plus"
"4105","c3"
"4112","c8c042"
"4113","c8e042"
"4122","c8c064"
"4140","rally edition"
"4168","sport tech"
"4185","bose"
"4189","c7h064"
"426","sls"
"4277","c easy"
"430","lt"
"4321","sporting"
"4354","sx limited"
"4355","plug-in hybrid"
"4356","plug-in hybrid limited"
"4357","plug-in hybrid ultimate"
"4367","lx 1.6t"
"4406","w5t042"
"4412","all terrain"
"4434","urbana"
"4435","urbana trekking"
"4445","classica"
"4446","lusso"
"4449","limited ultimate"
"444","wt"
"4450","se ultimate"
"4481","preferred"
"4507","gls premium"
"4515","v6 luxury"
"4517","gl mid"
"4528","v8 luxury"
"4529","v8 elite"
"4535","adventure stx"
"4539","v8 premium"
"4577","ex pack"
"4595","zen"
"4596","intens"
"4597","iconic"
"4620","like"
"4631","pasajeros"
"4656","hybrid ultimate"
"4657","plug-in hybrid ex"
"4695","electric limited"
"4696","hybrid blue"
"4697","touring launch edition"
"4699","electric se"
"4701","sx touring"
"4710","514"
"4711","616"
"4712","716"
"4713","816"
"4714","616 hv"
"4715","716 hv"
"4716","816 hv"
"4717","1018"
"4718","bf918g"
"4719","bf918k"
"4729","1524"
"4730","1724"
"4731","1727"
"4732","br1425s"
"4733","bf1524m"
"4766","dakar"
"476","club"
"4785","gt line"
"4796","gl se"
"4797","sport ultimate"
"4809","limited tech"
"4896","plug-in hybrid ex premium"
"4898","sxl turbo"
"4945","homologado"
"4946","tecnico"
"4947","bc"
"4948","516 hv"
"4949","2627"
"4953","2.4 sport"
"4954","2.0t sport"
"4976","electric plus se"
"4977","electric plus limited"
"4986","essential"
"4996","turbo ultimate"
"49","se"
"4","gl"
"5021","2.0t ultimate"
"5034","turbo tech"
"5035","gt atlantica"
"5047","noir"
"5050","hybrid gl"
"5051","hybrid gls"
"5088","plug-in hybrid lx"
"5102","at4"
"5103","elevation"
"5104","preferred turbo"
"5109","electric plus preferred"
"5110","electric plus ultimate"
"5111","electric preferred"
"5112","electric ultimate"
"5113","hybrid essential"
"5114","hybrid luxury"
"5115","hybrid preferred"
"5142","e-sport"
"5153","minuit"
"5154","life"
"5166","ex designer collection"
"5178","outsider"
"5196","designer collection"
"53","touring"
"542","value"
"550","sierra sl"
"551","sierra sle"
"552","sierra slt"
"556","sle"
"571","diamond edition"
"572","envoy"
"574","ht"
"577","denali"
"579","gsi"
"5","glx"
"635","gt1"
"638","gtp"
"649","xl"
"668","gl sport"
"672","lwb"
"67","turbo"
"69","gt2"
"70","e"
"744","sel"
"748","signature"
"771","5.0"
"776","v6"
"853","swb"
"912","hybrid"
"92","gls"
"957","trek"
"96","ls"
"973","st"
"984","ve"